SPY US EQUITY,US78462F1030,2018-06-15,DVD_CASH,1.245568,USD,2018-06-18,2018-07-31,EDI,1000,Quarterly
SPY US EQUITY,US78462F1030,2018-03-16,DVD_CASH,1.096775,USD,2018-03-19,2018-04-30,EDI,1000,Quarterly
SPY US EQUITY,US78462F1030,2017-12-15,DVD_CASH,1.351333,USD,2017-12-18,2018-01-31,EDI,1000,Quarterly
SPY US EQUITY,US78462F1030,2017-09-15,DVD_CASH,1.234574,USD,2017-09-18,2017-10-31,EDI,1000,Quarterly
SPY US EQUITY,US78462F1030,2017-06-16,DVD_CASH,1.183108,USD,2017-06-20,2017-07-31,EDI,1000,Quarterly
SPY US EQUITY,US78462F1030,2017-03-17,DVD_CASH,1.033118,USD,2017-03-21,2017-04-28,EDI,1000,Quarterly
SPY US EQUITY,US78462F1030,2016-12-16,DVD_CASH,1.32893,USD,2016-12-20,2017-01-31,EDI,1000,Quarterly
SPY US EQUITY,US78462F1030,2016-09-16,DVD_CASH,1.082068,USD,2016-09-20,2016-10-31,EDI,1000,Quarterly
SPY US EQUITY,US78462F1030,2016-06-17,DVD_CASH,1.078442,USD,2016-06-21,2016-07-29,EDI,1000,Quarterly
SPY US EQUITY,US78462F1030,2016-03-18,DVD_CASH,1.049604,USD,2016-03-22,2016-04-29,EDI,1000,Quarterly
SPY US EQUITY,US78462F1030,2015-12-18,DVD_CASH,1.21155,USD,2015-12-22,2016-01-29,EDI,1000,Quarterly
SPY US EQUITY,US78462F1030,2015-09-18,DVD_CASH,1.03343,USD,2015-09-22,2015-10-30,EDI,1000,Quarterly
SPY US EQUITY,US78462F1030,2015-06-19,DVD_CASH,1.03007,USD,2015-06-23,2015-07-31,EDI,1000,Quarterly
SPY US EQUITY,US78462F1030,2015-03-20,DVD_CASH,0.93081,USD,2015-03-24,2015-04-30,EDI,1000,Quarterly
SPY US EQUITY,US78462F1030,2014-12-19,DVD_CASH,1.13492,USD,2014-12-23,2015-01-30,EDI,1000,Quarterly
SPY US EQUITY,US78462F1030,2014-09-19,DVD_CASH,0.93919,USD,2014-09-23,2014-10-31,EDI,1000,Quarterly
SPY US EQUITY,US78462F1030,2014-06-20,DVD_CASH,0.93669,USD,2014-06-24,2014-07-31,EDI,1000,Quarterly
SPY US EQUITY,US78462F1030,2014-03-21,DVD_CASH,0.82461,USD,2014-03-25,2014-04-30,EDI,1000,Quarterly
SPY US EQUITY,US78462F1030,2013-12-20,DVD_CASH,0.98025,USD,2013-12-24,2014-01-31,EDI,1000,Quarterly
SPY US EQUITY,US78462F1030,2013-09-20,DVD_CASH,0.83795,USD,2013-09-24,2013-10-31,EDI,1000,Quarterly
SPY US EQUITY,US78462F1030,2013-06-21,DVD_CASH,0.83912,USD,2013-06-25,2013-07-31,EDI,1000,Quarterly
SPY US EQUITY,US78462F1030,2013-03-15,DVD_CASH,0.69372,USD,2013-03-19,2013-04-30,EDI,1000,Quarterly
SPY US EQUITY,US78462F1030,2012-12-21,DVD_CASH,1.02183,USD,2012-12-26,2013-01-31,EDI,1000,Quarterly
SPY US EQUITY,US78462F1030,2012-09-21,DVD_CASH,0.77945,USD,2012-09-25,2012-10-31,EDI,1000,Quarterly
SPY US EQUITY,US78462F1030,2012-06-15,DVD_CASH,0.68826,USD,2012-06-19,2012-07-31,EDI,1000,Quarterly
SPY US EQUITY,US78462F1030,2012-03-16,DVD_CASH,0.61389,USD,2012-03-20,2012-04-30,EDI,1000,Quarterly
SPY US EQUITY,US78462F1030,2011-12-16,DVD_CASH,0.77013,USD,2011-12-20,2012-01-31,EDI,1000,Quarterly
SPY US EQUITY,US78462F1030,2011-09-16,DVD_CASH,0.62495446,USD,2011-09-20,2011-10-31,EDI,1000,Quarterly
SPY US EQUITY,US78462F1030,2011-06-17,DVD_CASH,0.62762,USD,2011-06-21,2011-07-29,EDI,1000,Quarterly
SPY US EQUITY,US78462F1030,2011-03-18,DVD_CASH,0.55332,USD,2011-03-22,2011-04-29,EDI,1000,Quarterly
SPY US EQUITY,US78462F1030,2010-12-17,DVD_CASH,0.65276,USD,2010-12-21,2011-01-31,EDI,1000,Quarterly
SPY US EQUITY,US78462F1030,2010-09-17,DVD_CASH,0.60213,USD,2010-09-21,2010-10-29,EDI,1000,Quarterly
SPY US EQUITY,US78462F1030,2010-06-18,DVD_CASH,0.53128,USD,2010-06-22,2010-07-30,EDI,1000,Quarterly
SPY US EQUITY,US78462F1030,2010-03-19,DVD_CASH,0.48038,USD,2010-03-23,2010-04-30,EDI,1000,Quarterly
SPY US EQUITY,US78462F1030,2009-12-18,DVD_CASH,0.59019,USD,2009-12-22,2010-01-29,EDI,1000,Quarterly
SPY US EQUITY,US78462F1030,2009-09-18,DVD_CASH,0.50833,USD,2009-09-22,2009-10-30,EDI,1000,Quarterly
SPY US EQUITY,US78462F1030,2009-06-19,DVD_CASH,0.51819,USD,2009-06-23,2009-07-31,EDI,1000,Quarterly
SPY US EQUITY,US78462F1030,2009-03-20,DVD_CASH,0.56143,USD,2009-03-24,2009-04-30,EDI,1000,Quarterly
SPY US EQUITY,US78462F1030,2008-12-19,DVD_CASH,0.71934,USD,2008-12-23,2009-01-30,EDI,1000,Quarterly
SPY US EQUITY,US78462F1030,2008-09-19,DVD_CASH,0.69092,USD,2008-09-23,2008-10-31,EDI,1000,Quarterly
SPY US EQUITY,US78462F1030,2008-06-20,DVD_CASH,0.66922,USD,2008-06-24,2008-07-31,EDI,1000,Quarterly
SPY US EQUITY,US78462F1030,2008-03-20,DVD_CASH,0.64195,USD,2008-03-25,2008-04-30,EDI,1000,Quarterly
SPY US EQUITY,US78462F1030,2007-12-21,DVD_CASH,0.77541,USD,2007-12-26,2008-01-31,EDI,1000,Quarterly
SPY US EQUITY,US78462F1030,2007-09-21,DVD_CASH,0.71872,USD,2007-09-25,2007-10-31,EDI,1000,Quarterly
SPY US EQUITY,US78462F1030,2007-06-15,DVD_CASH,0.6556,USD,2007-06-19,2007-07-31,EDI,1000,Quarterly
SPY US EQUITY,US78462F1030,2007-03-16,DVD_CASH,0.55127,USD,2007-03-20,2007-04-30,EDI,1000,Quarterly
SPY US EQUITY,US78462F1030,2006-12-15,DVD_CASH,0.79265,USD,2006-12-19,2007-01-31,EDI,1000,Quarterly
SPY US EQUITY,US78462F1030,2006-09-15,DVD_CASH,0.57934,USD,2006-09-19,2006-10-31,EDI,1000,Quarterly
SPY US EQUITY,US78462F1030,2006-06-16,DVD_CASH,0.55547,USD,2006-06-20,2006-06-16,EDI,1000,Quarterly
SPY US EQUITY,US78462F1030,2006-03-17,DVD_CASH,0.51947,USD,2006-03-21,2006-04-28,EDI,1000,Quarterly
SPY US EQUITY,US78462F1030,2005-12-16,DVD_CASH,0.67167,USD,2005-12-20,2006-01-31,EDI,1000,Quarterly
SPY US EQUITY,US78462F1030,2005-09-16,DVD_CASH,0.52169,USD,2005-09-20,2005-10-31,EDI,1000,Quarterly
SPY US EQUITY,US78462F1030,2005-06-17,DVD_CASH,0.48762,USD,2005-06-21,2005-07-29,EDI,1000,Quarterly
SPY US EQUITY,US78462F1030,2005-03-18,DVD_CASH,0.46709,USD,2005-03-22,2005-04-29,EDI,1000,Quarterly
SPY US EQUITY,US78462F1030,2004-12-17,DVD_CASH,0.56789,USD,2004-12-21,2005-01-31,EDI,1000,Quarterly
SPY US EQUITY,US78462F1030,2004-11-15,DVD_CASH,0.35102,USD,2004-11-17,2004-12-02,EDI,1000,Quarterly
SPY US EQUITY,US78462F1030,2004-09-17,DVD_CASH,0.46878,USD,2004-09-21,2004-10-29,EDI,1000,Quarterly
SPY US EQUITY,US78462F1030,2004-06-18,DVD_CASH,0.41376,USD,2004-06-22,2004-07-30,EDI,1000,Quarterly
SPY US EQUITY,US78462F1030,2004-03-19,DVD_CASH,0.39476,USD,2004-03-23,2004-04-30,EDI,1000,Quarterly
SPY US EQUITY,US78462F1030,2003-12-19,DVD_CASH,0.51559,USD,2003-12-23,2004-01-30,EDI,1000,Quarterly
SPY US EQUITY,US78462F1030,2003-09-19,DVD_CASH,0.40006,USD,2003-09-23,2003-10-31,EDI,1000,Quarterly
SPY US EQUITY,US78462F1030,2003-06-20,DVD_CASH,0.36025,USD,2003-06-24,2003-07-31,EDI,1000,Quarterly
SPY US EQUITY,US78462F1030,2003-03-21,DVD_CASH,0.35438,USD,2003-03-25,2003-04-30,EDI,1000,Quarterly
SPY US EQUITY,US78462F1030,2002-12-20,DVD_CASH,0.43584,USD,2002-12-24,2003-01-31,EDI,1000,Quarterly
SPY US EQUITY,US78462F1030,2002-09-20,DVD_CASH,0.3781,USD,2002-09-24,2002-10-31,EDI,1000,Quarterly
SPY US EQUITY,US78462F1030,2002-06-21,DVD_CASH,0.35337,USD,2002-06-25,2002-07-31,EDI,1000,Quarterly
SPY US EQUITY,US78462F1030,2002-03-15,DVD_CASH,0.33098,USD,2002-03-19,2002-04-30,EDI,1000,Quarterly
SPY US EQUITY,US78462F1030,2001-12-21,DVD_CASH,0.39277,USD,2001-12-26,2002-01-31,EDI,1000,Quarterly
SPY US EQUITY,US78462F1030,2001-09-21,DVD_CASH,0.369,USD,2001-09-25,2001-10-31,EDI,1000,Quarterly
SPY US EQUITY,US78462F1030,2001-06-15,DVD_CASH,0.34644,USD,2001-06-19,2001-07-31,EDI,1000,Quarterly
SPY US EQUITY,US78462F1030,2001-03-16,DVD_CASH,0.31551,USD,2001-03-20,2001-04-30,EDI,1000,Quarterly
SPY US EQUITY,US78462F1030,2000-12-15,DVD_CASH,0.41133,USD,2000-12-19,2001-01-31,EDI,1000,Quarterly
SPY US EQUITY,US78462F1030,2000-09-15,DVD_CASH,0.375319,USD,2000-09-19,2000-10-31,EDI,1000,Quarterly
SPY US EQUITY,US78462F1030,2000-06-16,DVD_CASH,0.348408,USD,2000-06-20,2000-07-31,EDI,1000,Quarterly
SPY US EQUITY,US78462F1030,2000-03-17,DVD_CASH,0.370823,USD,2000-03-21,2000-04-28,EDI,1000,Quarterly
SPY US EQUITY,US78462F1030,1999-12-17,DVD_CASH,0.347552,USD,1999-12-21,2000-01-31,EDI,1000,Quarterly
SPY US EQUITY,US78462F1030,1999-09-17,DVD_CASH,0.372218,USD,1999-09-21,1999-10-29,EDI,1000,Quarterly
SPY US EQUITY,US78462F1030,1999-06-18,DVD_CASH,0.40497,USD,1999-06-22,1999-07-30,EDI,1000,Quarterly
SPY US EQUITY,US78462F1030,1999-03-19,DVD_CASH,0.319853,USD,1999-03-23,1999-04-30,EDI,1000,Quarterly
SPY US EQUITY,US78462F1030,1998-12-18,DVD_CASH,0.391823,USD,1998-12-22,1999-01-29,EDI,1000,Quarterly
SPY US EQUITY,US78462F1030,1998-09-18,DVD_CASH,0.35853,USD,1998-09-22,1998-10-30,EDI,1000,Quarterly
SPY US EQUITY,US78462F1030,1998-06-19,DVD_CASH,0.35201,USD,1998-06-23,1998-07-31,EDI,1000,Quarterly
SPY US EQUITY,US78462F1030,1998-03-20,DVD_CASH,0.313421,USD,1998-03-24,1998-04-30,EDI,1000,Quarterly
SPY US EQUITY,US78462F1030,1997-12-19,DVD_CASH,0.379504,USD,1997-12-23,1998-01-31,EDI,1000,Quarterly
SPY US EQUITY,US78462F1030,1997-09-19,DVD_CASH,0.348355,USD,1997-09-23,1997-10-31,EDI,1000,Quarterly
SPY US EQUITY,US78462F1030,1997-06-20,DVD_CASH,0.349953,USD,1997-06-24,1997-07-31,EDI,1000,Quarterly
SPY US EQUITY,US78462F1030,1997-03-21,DVD_CASH,0.299258,USD,1997-03-25,1997-04-30,EDI,1000,Quarterly
SPY US EQUITY,US78462F1030,1996-12-20,DVD_CASH,0.40681,USD,1996-12-24,1997-01-31,EDI,1000,Quarterly
SPY US EQUITY,US78462F1030,1996-09-20,DVD_CASH,0.35194,USD,1996-09-24,1996-10-31,EDI,1000,Quarterly
SPY US EQUITY,US78462F1030,1996-06-21,DVD_CASH,0.35094,USD,1996-06-25,1996-07-31,EDI,1000,Quarterly
SPY US EQUITY,US78462F1030,1996-03-15,DVD_CASH,0.28545,USD,1996-03-19,1996-04-30,EDI,1000,Quarterly
SPY US EQUITY,US78462F1030,1995-12-15,DVD_CASH,0.372,USD,1995-12-19,1996-01-31,EDI,1000,Quarterly
SPY US EQUITY,US78462F1030,1995-09-15,DVD_CASH,0.31226,USD,1995-09-19,1995-10-31,EDI,1000,Quarterly
SPY US EQUITY,US78462F1030,1995-06-16,DVD_CASH,0.31621,USD,1995-06-20,1995-07-31,EDI,1000,Quarterly
SPY US EQUITY,US78462F1030,1995-03-17,DVD_CASH,0.26822,USD,1995-03-23,1995-04-28,EDI,1000,Quarterly
SPY US EQUITY,US78462F1030,1994-12-16,DVD_CASH,0.36273,USD,1994-12-22,1995-01-31,EDI,1000,Quarterly
SPY US EQUITY,US78462F1030,1994-09-16,DVD_CASH,0.28818,USD,1994-09-22,1994-10-31,EDI,1000,Quarterly
SPY US EQUITY,US78462F1030,1994-06-17,DVD_CASH,0.304976,USD,1994-06-23,1994-07-29,EDI,1000,Quarterly
SPY US EQUITY,US78462F1030,1994-03-18,DVD_CASH,0.271177,USD,1994-03-24,1994-04-29,EDI,1000,Quarterly
SPY US EQUITY,US78462F1030,1993-12-17,DVD_CASH,0.287239,USD,1993-12-23,1994-01-31,EDI,1000,Quarterly
SPY US EQUITY,US78462F1030,1993-09-17,DVD_CASH,0.286187,USD,1993-09-23,1993-10-31,EDI,1000,Quarterly
SPY US EQUITY,US78462F1030,1993-06-18,DVD_CASH,0.31802,USD,1993-06-24,1993-07-30,EDI,1000,Quarterly
SPY US EQUITY,US78462F1030,1993-03-19,DVD_CASH,0.213191,USD,1993-03-25,1993-04-30,EDI,1000,Quarterly
SPYG US EQUITY,US78464A4094,2018-06-18,DVD_CASH,0.118508,USD,2018-06-19,2018-06-21,EDI,1000,Quarterly
SPYG US EQUITY,US78464A4094,2018-03-19,DVD_CASH,0.100467,USD,2018-03-20,2018-03-22,EDI,1000,Quarterly
SPYG US EQUITY,US78464A4094,2017-12-15,DVD_CASH,0.136101,USD,2017-12-18,2017-12-26,EDI,1000,Quarterly
SPYG US EQUITY,US78464A4094,2017-09-15,DVD_CASH,0.468316,USD,2017-09-18,2017-09-25,EDI,1000,Quarterly
SPYG US EQUITY,US78464A4094,2017-06-16,DVD_CASH,0.450932,USD,2017-06-20,2017-06-26,EDI,1000,Quarterly
SPYG US EQUITY,US78464A4094,2017-03-17,DVD_CASH,0.396114,USD,2017-03-21,2017-03-27,EDI,1000,Quarterly
SPYG US EQUITY,US78464A4094,2016-12-16,DVD_CASH,0.500084,USD,2016-12-20,2016-12-27,EDI,1000,Quarterly
SPYG US EQUITY,US78464A4094,2016-09-16,DVD_CASH,0.384107,USD,2016-09-20,2016-09-26,EDI,1000,Quarterly
SPYG US EQUITY,US78464A4094,2016-06-17,DVD_CASH,0.389217,USD,2016-06-21,2016-06-27,EDI,1000,Quarterly
SPYG US EQUITY,US78464A4094,2016-03-18,DVD_CASH,0.364357,USD,2016-03-22,2016-03-29,EDI,1000,Quarterly
SPYG US EQUITY,US78464A4094,2015-12-18,DVD_CASH,0.475627,USD,2015-12-22,2015-12-29,EDI,1000,Quarterly
SPYG US EQUITY,US78464A4094,2015-09-18,DVD_CASH,0.383495,USD,2015-09-22,2015-09-28,EDI,1000,Quarterly
SPYG US EQUITY,US78464A4094,2015-06-19,DVD_CASH,0.382241,USD,2015-06-23,2015-06-29,EDI,1000,Quarterly
SPYG US EQUITY,US78464A4094,2015-03-20,DVD_CASH,0.329443,USD,2015-03-24,2015-03-30,EDI,1000,Quarterly
SPYG US EQUITY,US78464A4094,2014-12-19,DVD_CASH,0.398243,USD,2014-12-23,2014-12-30,EDI,1000,Quarterly
SPYG US EQUITY,US78464A4094,2014-09-19,DVD_CASH,0.320667,USD,2014-09-23,2014-09-29,EDI,1000,Quarterly
SPYG US EQUITY,US78464A4094,2014-06-20,DVD_CASH,0.334,USD,2014-06-24,2014-06-30,EDI,1000,Quarterly
SPYG US EQUITY,US78464A4094,2014-03-21,DVD_CASH,0.274132,USD,2014-03-25,2014-03-31,EDI,1000,Quarterly
SPYG US EQUITY,US78464A4094,2013-12-20,DVD_CASH,0.370685,USD,2013-12-24,2013-12-31,EDI,1000,Quarterly
SPYG US EQUITY,US78464A4094,2013-09-20,DVD_CASH,0.307667,USD,2013-09-24,2013-09-30,EDI,1000,Quarterly
SPYG US EQUITY,US78464A4094,2013-06-21,DVD_CASH,0.298856,USD,2013-06-25,2013-07-01,EDI,1000,Quarterly
SPYG US EQUITY,US78464A4094,2013-03-15,DVD_CASH,0.239191,USD,2013-03-19,2013-03-25,EDI,1000,Quarterly
SPYG US EQUITY,US78464A4094,2012-12-21,DVD_CASH,0.390669,USD,2012-12-26,2013-01-04,EDI,1000,Quarterly
SPYG US EQUITY,US78464A4094,2012-09-21,DVD_CASH,0.300628,USD,2012-09-25,2012-10-03,EDI,1000,Quarterly
SPYG US EQUITY,US78464A4094,2012-06-15,DVD_CASH,0.269148,USD,2012-06-19,2012-06-27,EDI,1000,Quarterly
SPYG US EQUITY,US78464A4094,2012-03-16,DVD_CASH,0.228046,USD,2012-03-20,2012-03-28,EDI,1000,Quarterly
SPYG US EQUITY,US78464A4094,2011-12-16,DVD_CASH,0.290481,USD,2011-12-20,2011-12-29,EDI,1000,Quarterly
SPYG US EQUITY,US78464A4094,2011-09-16,DVD_CASH,0.22763,USD,2011-09-20,2011-09-28,EDI,1000,Quarterly
SPYG US EQUITY,US78464A4094,2011-06-17,DVD_CASH,0.233694,USD,2011-06-21,2011-06-29,EDI,1000,Quarterly
SPYG US EQUITY,US78464A4094,2011-03-18,DVD_CASH,0.205823,USD,2011-03-22,2011-03-30,EDI,1000,Quarterly
SPYG US EQUITY,US78464A4094,2010-12-17,DVD_CASH,0.118869,USD,2010-12-21,2010-12-30,EDI,1000,Quarterly
SPYG US EQUITY,US78464A4094,2010-06-18,DVD_CASH,0.093016,USD,2010-06-22,2010-06-30,EDI,1000,Quarterly
SPYG US EQUITY,US78464A4094,2010-03-19,DVD_CASH,0.092329,USD,2010-03-23,2010-03-31,EDI,1000,Quarterly
SPYG US EQUITY,US78464A4094,2009-12-18,DVD_CASH,0.118249,USD,2009-12-22,2009-12-31,EDI,1000,Quarterly
SPYG US EQUITY,US78464A4094,2009-09-18,DVD_CASH,0.096369,USD,2009-09-22,2009-09-30,EDI,1000,Quarterly
SPYG US EQUITY,US78464A4094,2009-06-19,DVD_CASH,0.104106,USD,2009-06-23,2009-07-01,EDI,1000,Quarterly
SPYG US EQUITY,US78464A4094,2009-03-20,DVD_CASH,0.12446925,USD,2009-03-24,2009-04-01,EDI,1000,Quarterly
SPYG US EQUITY,US78464A4094,2008-12-19,DVD_CASH,0.157544,USD,2008-12-23,2009-01-02,EDI,1000,Quarterly
SPYG US EQUITY,US78464A4094,2008-09-19,DVD_CASH,0.1116254,USD,2008-09-23,2008-10-01,EDI,1000,Quarterly
SPYG US EQUITY,US78464A4094,2008-06-20,DVD_CASH,0.112628,USD,2008-06-24,2008-07-02,EDI,1000,Quarterly
SPYG US EQUITY,US78464A4094,2008-03-20,DVD_CASH,0.108927,USD,2008-03-25,2008-04-02,EDI,1000,Quarterly
SPYG US EQUITY,US78464A4094,2007-12-21,DVD_CASH,0.124016,USD,2007-12-26,2008-01-04,EDI,1000,Quarterly
SPYG US EQUITY,US78464A4094,2007-09-21,DVD_CASH,0.11568603,USD,2007-09-25,2007-10-03,EDI,1000,Quarterly
SPYG US EQUITY,US78464A4094,2007-06-15,DVD_CASH,0.13837414,USD,2007-06-19,2007-06-27,EDI,1000,Quarterly
SPYG US EQUITY,US78464A4094,2007-03-16,DVD_CASH,0.10533977,USD,2007-03-20,2007-03-28,EDI,1000,Quarterly
SPYG US EQUITY,US78464A4094,2006-12-15,DVD_CASH,0.14172901,USD,2006-12-19,2006-12-28,EDI,1000,Quarterly
SPYG US EQUITY,US78464A4094,2006-09-15,DVD_CASH,0.086408,USD,2006-09-19,2006-09-27,EDI,1000,Quarterly
SPYG US EQUITY,US78464A4094,2006-06-16,DVD_CASH,0.092463,USD,2006-06-20,2006-06-28,EDI,1000,Quarterly
SPYG US EQUITY,US78464A4094,2006-03-17,DVD_CASH,0.075206,USD,2006-03-21,2006-03-29,EDI,1000,Quarterly
SPYG US EQUITY,US78464A4094,2005-12-16,DVD_CASH,0.084419,USD,2005-12-20,2005-12-29,EDI,1000,Quarterly
SPYG US EQUITY,US78464A4094,2005-09-16,DVD_CASH,0.089978,USD,2005-09-20,2005-09-28,EDI,1000,Quarterly
SPYG US EQUITY,US78464A4094,2005-06-17,DVD_CASH,0.093772,USD,2005-06-21,2005-06-30,EDI,1000,Quarterly
SPYG US EQUITY,US78464A4094,2005-03-18,DVD_CASH,0.093034,USD,2005-03-22,2005-03-31,EDI,1000,Quarterly
SPYG US EQUITY,US78464A4094,2004-12-17,DVD_CASH,0.44089,USD,2004-12-21,2004-12-29,EDI,1000,Quarterly
SPYG US EQUITY,US78464A4094,2004-09-17,DVD_CASH,0.081159,USD,2004-09-21,2004-09-29,EDI,1000,Quarterly
SPYG US EQUITY,US78464A4094,2004-06-18,DVD_CASH,0.067093,USD,2004-06-22,2004-06-30,EDI,1000,Quarterly
SPYG US EQUITY,US78464A4094,2004-03-19,DVD_CASH,0.054199,USD,2004-03-23,2004-03-31,EDI,1000,Quarterly
SPYG US EQUITY,US78464A4094,2003-12-19,DVD_CASH,0.071295,USD,2003-12-23,2004-01-02,EDI,1000,Quarterly
SPYG US EQUITY,US78464A4094,2003-09-19,DVD_CASH,0.056041,USD,2003-09-23,2003-10-01,EDI,1000,Quarterly
SPYG US EQUITY,US78464A4094,2003-06-20,DVD_CASH,0.047052,USD,2003-06-24,2003-07-02,EDI,1000,Quarterly
SPYG US EQUITY,US78464A4094,2003-03-21,DVD_CASH,0.060082,USD,2003-03-25,2003-04-02,EDI,1000,Quarterly
SPYG US EQUITY,US78464A4094,2002-12-20,DVD_CASH,0.082776,USD,2002-12-24,2003-01-03,EDI,1000,Quarterly
SPYG US EQUITY,US78464A4094,2002-09-20,DVD_CASH,0.037529,USD,2002-09-24,2002-10-02,EDI,1000,Quarterly
SPYG US EQUITY,US78464A4094,2002-06-21,DVD_CASH,0.008756,USD,2002-06-25,2002-07-03,EDI,1000,Quarterly
SPYG US EQUITY,US78464A4094,2002-03-15,DVD_CASH,0.042282,USD,2002-03-19,2002-03-27,EDI,1000,Quarterly
SPYG US EQUITY,US78464A4094,2001-12-21,DVD_CASH,0.054728,USD,2001-12-26,2002-01-04,EDI,1000,Quarterly
SPYG US EQUITY,US78464A4094,2001-09-21,DVD_CASH,0.027614,USD,2001-09-25,2001-10-03,EDI,1000,Quarterly
SPYG US EQUITY,US78464A4094,2001-06-15,DVD_CASH,0.000755,USD,2001-06-19,2001-06-27,EDI,1000,Quarterly
SPYG US EQUITY,US78464A4094,2001-03-16,DVD_CASH,0.033521,USD,2001-03-20,2001-03-28,EDI,1000,Quarterly
SPYG US EQUITY,US78464A4094,2000-12-15,DVD_CASH,0.024296,USD,2000-12-19,2000-12-27,EDI,1000,Quarterly
SHY US EQUITY,US4642874576,2002-09-05,DVD_CASH,0.1326,USD,2002-09-03,2002-09-12,EDI,1000,Quarterly
SHY US EQUITY,US4642874576,2002-10-03,DVD_CASH,0.1198,USD,2002-10-01,2002-10-10,EDI,1000,Quarterly
SHY US EQUITY,US4642874576,2002-11-05,DVD_CASH,0.1329,USD,2002-11-01,2002-11-12,EDI,1000,Quarterly
SHY US EQUITY,US4642874576,2002-12-04,DVD_CASH,0.1205,USD,2002-12-02,2002-12-11,EDI,1000,Quarterly
SHY US EQUITY,US4642874576,2003-01-03,DVD_CASH,0.1391,USD,2002-12-31,2003-01-10,EDI,1000,Quarterly
SHY US EQUITY,US4642874576,2003-02-05,DVD_CASH,0.1217,USD,2003-02-03,2003-02-12,EDI,1000,Quarterly
SHY US EQUITY,US4642874576,2003-03-05,DVD_CASH,0.1074,USD,2003-03-03,2003-03-12,EDI,1000,Quarterly
SHY US EQUITY,US4642874576,2003-04-03,DVD_CASH,0.1125,USD,2003-04-01,2003-04-10,EDI,1000,Quarterly
SHY US EQUITY,US4642874576,2003-05-05,DVD_CASH,0.1303,USD,2003-05-01,2003-05-12,EDI,1000,Quarterly
SHY US EQUITY,US4642874576,2003-06-04,DVD_CASH,0.1072,USD,2003-06-02,2003-06-11,EDI,1000,Quarterly
SHY US EQUITY,US4642874576,2003-07-03,DVD_CASH,0.102,USD,2003-07-01,2003-07-11,EDI,1000,Quarterly
SHY US EQUITY,US4642874576,2003-08-05,DVD_CASH,0.102,USD,2003-08-01,2003-08-12,EDI,1000,Quarterly
SHY US EQUITY,US4642874576,2003-09-04,DVD_CASH,0.1034,USD,2003-09-02,2003-09-11,EDI,1000,Quarterly
SHY US EQUITY,US4642874576,2003-10-03,DVD_CASH,0.0927,USD,2003-10-01,2003-10-10,EDI,1000,Quarterly
SHY US EQUITY,US4642874576,2003-11-05,DVD_CASH,0.1106,USD,2003-11-03,2003-11-12,EDI,1000,Quarterly
SHY US EQUITY,US4642874576,2003-12-03,DVD_CASH,0.1083,USD,2003-12-01,2003-12-10,EDI,1000,Quarterly
SHY US EQUITY,US4642874576,2004-01-05,DVD_CASH,0.1161,USD,2003-12-31,2004-01-12,EDI,1000,Quarterly
SHY US EQUITY,US4642874576,2004-02-04,DVD_CASH,0.1191,USD,2004-02-02,2004-02-06,EDI,1000,Quarterly
SHY US EQUITY,US4642874576,2004-03-03,DVD_CASH,0.1133,USD,2004-03-01,2004-03-05,EDI,1000,Quarterly
SHY US EQUITY,US4642874576,2004-04-05,DVD_CASH,0.1199,USD,2004-04-01,2004-04-07,EDI,1000,Quarterly
SHY US EQUITY,US4642874576,2004-05-05,DVD_CASH,0.116,USD,2004-05-03,2004-05-07,EDI,1000,Quarterly
SHY US EQUITY,US4642874576,2004-06-03,DVD_CASH,0.1235,USD,2004-06-01,2004-06-07,EDI,1000,Quarterly
SHY US EQUITY,US4642874576,2004-07-06,DVD_CASH,0.1474,USD,2004-07-01,2004-07-08,EDI,1000,Quarterly
SHY US EQUITY,US4642874576,2004-08-04,DVD_CASH,0.143,USD,2004-08-02,2004-08-06,EDI,1000,Quarterly
SHY US EQUITY,US4642874576,2004-09-03,DVD_CASH,0.1315,USD,2004-09-01,2004-09-08,EDI,1000,Quarterly
SHY US EQUITY,US4642874576,2004-10-05,DVD_CASH,0.1321,USD,2004-10-01,2004-10-07,EDI,1000,Quarterly
SHY US EQUITY,US4642874576,2004-11-03,DVD_CASH,0.1378,USD,2004-11-01,2004-11-05,EDI,1000,Quarterly
SHY US EQUITY,US4642874576,2004-12-03,DVD_CASH,0.145,USD,2004-12-01,2004-12-07,EDI,1000,Quarterly
SHY US EQUITY,US4642874576,2005-01-04,DVD_CASH,0.1539,USD,2004-12-31,2005-01-06,EDI,1000,Quarterly
SHY US EQUITY,US4642874576,2005-02-03,DVD_CASH,0.1707,USD,2005-02-01,2005-02-07,EDI,1000,Quarterly
SHY US EQUITY,US4642874576,2005-03-03,DVD_CASH,0.163,USD,2005-03-01,2005-03-07,EDI,1000,Quarterly
SHY US EQUITY,US4642874576,2005-04-05,DVD_CASH,0.19,USD,2005-04-01,2005-04-07,EDI,1000,Quarterly
SHY US EQUITY,US4642874576,2005-05-04,DVD_CASH,0.19,USD,2005-05-02,2005-05-06,EDI,1000,Quarterly
SHY US EQUITY,US4642874576,2005-06-03,DVD_CASH,0.1896,USD,2005-06-01,2005-06-07,EDI,1000,Quarterly
SHY US EQUITY,US4642874576,2005-07-06,DVD_CASH,0.1864,USD,2005-07-01,2005-07-08,EDI,1000,Quarterly
SHY US EQUITY,US4642874576,2005-08-03,DVD_CASH,0.1813,USD,2005-08-01,2005-08-05,EDI,1000,Quarterly
SHY US EQUITY,US4642874576,2005-09-06,DVD_CASH,0.2283,USD,2005-09-01,2005-09-08,EDI,1000,Quarterly
SHY US EQUITY,US4642874576,2005-10-05,DVD_CASH,0.234,USD,2005-10-03,2005-10-07,EDI,1000,Quarterly
SHY US EQUITY,US4642874576,2005-11-03,DVD_CASH,0.232102,USD,2005-11-01,2005-11-07,EDI,1000,Quarterly
SHY US EQUITY,US4642874576,2005-12-05,DVD_CASH,0.23086,USD,2005-12-01,2005-12-07,EDI,1000,Quarterly
SHY US EQUITY,US4642874576,2005-12-30,DVD_CASH,0.249477,USD,2005-12-28,2006-01-06,EDI,1000,Quarterly
SHY US EQUITY,US4642874576,2006-02-03,DVD_CASH,0.246626,USD,2006-02-01,2006-02-07,EDI,1000,Quarterly
SHY US EQUITY,US4642874576,2006-03-03,DVD_CASH,0.279152,USD,2006-03-01,2006-03-07,EDI,1000,Quarterly
SHY US EQUITY,US4642874576,2006-04-05,DVD_CASH,0.265848,USD,2006-04-03,2006-04-07,EDI,1000,Quarterly
SHY US EQUITY,US4642874576,2006-05-03,DVD_CASH,0.262708,USD,2006-05-01,2006-05-05,EDI,1000,Quarterly
SHY US EQUITY,US4642874576,2006-06-05,DVD_CASH,0.267869,USD,2006-06-01,2006-06-07,EDI,1000,Quarterly
SHY US EQUITY,US4642874576,2006-07-06,DVD_CASH,0.277629,USD,2006-07-03,2006-07-10,EDI,1000,Quarterly
SHY US EQUITY,US4642874576,2006-08-03,DVD_CASH,0.289059,USD,2006-08-01,2006-08-07,EDI,1000,Quarterly
SHY US EQUITY,US4642874576,2006-09-06,DVD_CASH,0.291032,USD,2006-09-01,2006-09-08,EDI,1000,Quarterly
SHY US EQUITY,US4642874576,2006-10-04,DVD_CASH,0.294347,USD,2006-10-02,2006-10-06,EDI,1000,Quarterly
SHY US EQUITY,US4642874576,2006-11-03,DVD_CASH,0.297099,USD,2006-11-01,2006-11-07,EDI,1000,Quarterly
SHY US EQUITY,US4642874576,2006-12-05,DVD_CASH,0.286679,USD,2006-12-01,2006-12-07,EDI,1000,Quarterly
SHY US EQUITY,US4642874576,2006-12-29,DVD_CASH,0.245685,USD,2006-12-27,2007-01-05,EDI,1000,Quarterly
SHY US EQUITY,US4642874576,2007-02-05,DVD_CASH,0.30031,USD,2007-02-01,2007-02-07,EDI,1000,Quarterly
SHY US EQUITY,US4642874576,2007-03-05,DVD_CASH,0.271375,USD,2007-03-01,2007-03-07,EDI,1000,Quarterly
SHY US EQUITY,US4642874576,2007-04-04,DVD_CASH,0.294876,USD,2007-04-02,2007-04-09,EDI,1000,Quarterly
SHY US EQUITY,US4642874576,2007-05-03,DVD_CASH,0.286101,USD,2007-05-01,2007-05-07,EDI,1000,Quarterly
SHY US EQUITY,US4642874576,2007-06-05,DVD_CASH,0.288699,USD,2007-06-01,2007-06-07,EDI,1000,Quarterly
SHY US EQUITY,US4642874576,2007-07-05,DVD_CASH,0.30245,USD,2007-07-02,2007-07-09,EDI,1000,Quarterly
SHY US EQUITY,US4642874576,2007-08-03,DVD_CASH,0.301976,USD,2007-08-01,2007-08-07,EDI,1000,Quarterly
SHY US EQUITY,US4642874576,2007-09-06,DVD_CASH,0.305825,USD,2007-09-04,2007-09-10,EDI,1000,Quarterly
SHY US EQUITY,US4642874576,2007-10-03,DVD_CASH,0.297211,USD,2007-10-01,2007-10-05,EDI,1000,Quarterly
SHY US EQUITY,US4642874576,2007-11-05,DVD_CASH,0.30292,USD,2007-11-01,2007-11-07,EDI,1000,Quarterly
SHY US EQUITY,US4642874576,2007-12-05,DVD_CASH,0.276018,USD,2007-12-03,2007-12-07,EDI,1000,Quarterly
SHY US EQUITY,US4642874576,2007-12-31,DVD_CASH,0.279439,USD,2007-12-27,2008-01-03,EDI,1000,Quarterly
SHY US EQUITY,US4642874576,2008-02-05,DVD_CASH,0.22126,USD,2008-02-01,2008-02-07,EDI,1000,Quarterly
SHY US EQUITY,US4642874576,2008-03-05,DVD_CASH,0.162951,USD,2008-03-03,2008-03-07,EDI,1000,Quarterly
SHY US EQUITY,US4642874576,2008-04-03,DVD_CASH,0.175901,USD,2008-04-01,2008-04-07,EDI,1000,Quarterly
SHY US EQUITY,US4642874576,2008-05-05,DVD_CASH,0.16151,USD,2008-05-01,2008-05-07,EDI,1000,Quarterly
SHY US EQUITY,US4642874576,2008-06-04,DVD_CASH,0.222727,USD,2008-06-02,2008-06-06,EDI,1000,Quarterly
SHY US EQUITY,US4642874576,2008-07-03,DVD_CASH,0.218693,USD,2008-07-01,2008-07-08,EDI,1000,Quarterly
SHY US EQUITY,US4642874576,2008-08-05,DVD_CASH,0.265568,USD,2008-08-01,2008-08-07,EDI,1000,Quarterly
SHY US EQUITY,US4642874576,2008-09-04,DVD_CASH,0.235213,USD,2008-09-02,2008-09-08,EDI,1000,Quarterly
SHY US EQUITY,US4642874576,2008-10-03,DVD_CASH,0.28,USD,2008-10-01,2008-10-07,EDI,1000,Quarterly
SHY US EQUITY,US4642874576,2008-11-05,DVD_CASH,0.327,USD,2008-11-03,2008-11-07,EDI,1000,Quarterly
SHY US EQUITY,US4642874576,2008-12-03,DVD_CASH,0.279196,USD,2008-12-01,2008-12-05,EDI,1000,Quarterly
SHY US EQUITY,US4642874576,2008-12-31,DVD_CASH,0.336232,USD,2008-12-29,2009-01-02,EDI,1000,Quarterly
SHY US EQUITY,US4642874576,2009-02-04,DVD_CASH,0.1375,USD,2009-02-02,2009-02-06,EDI,1000,Quarterly
SHY US EQUITY,US4642874576,2009-03-04,DVD_CASH,0.1293,USD,2009-03-02,2009-03-06,EDI,1000,Quarterly
SHY US EQUITY,US4642874576,2009-04-03,DVD_CASH,0.141173,USD,2009-04-01,2009-04-07,EDI,1000,Quarterly
SHY US EQUITY,US4642874576,2009-05-05,DVD_CASH,0.1668,USD,2009-05-01,2009-05-07,EDI,1000,Quarterly
SHY US EQUITY,US4642874576,2009-06-03,DVD_CASH,0.13082,USD,2009-06-01,2009-06-05,EDI,1000,Quarterly
SHY US EQUITY,US4642874576,2009-07-06,DVD_CASH,0.112168,USD,2009-07-01,2009-07-08,EDI,1000,Quarterly
SHY US EQUITY,US4642874576,2009-08-05,DVD_CASH,0.111732,USD,2009-08-03,2009-08-07,EDI,1000,Quarterly
SHY US EQUITY,US4642874576,2009-09-03,DVD_CASH,0.107598,USD,2009-09-01,2009-09-08,EDI,1000,Quarterly
SHY US EQUITY,US4642874576,2009-10-05,DVD_CASH,0.104049,USD,2009-10-01,2009-10-07,EDI,1000,Quarterly
SHY US EQUITY,US4642874576,2009-11-04,DVD_CASH,0.190131,USD,2009-11-02,2009-11-06,EDI,1000,Quarterly
SHY US EQUITY,US4642874576,2009-12-03,DVD_CASH,0.580181,USD,2009-12-01,2009-12-07,EDI,1000,Quarterly
SHY US EQUITY,US4642874576,2009-12-31,DVD_CASH,0.085039,USD,2009-12-29,2010-01-05,EDI,1000,Quarterly
SHY US EQUITY,US4642874576,2010-02-03,DVD_CASH,0.084089,USD,2010-02-01,2010-02-05,EDI,1000,Quarterly
SHY US EQUITY,US4642874576,2010-03-03,DVD_CASH,0.074696,USD,2010-03-01,2010-03-05,EDI,1000,Quarterly
SHY US EQUITY,US4642874576,2010-04-06,DVD_CASH,0.079567,USD,2010-04-01,2010-04-08,EDI,1000,Quarterly
SHY US EQUITY,US4642874576,2010-05-05,DVD_CASH,0.078418,USD,2010-05-03,2010-05-07,EDI,1000,Quarterly
SHY US EQUITY,US4642874576,2010-06-03,DVD_CASH,0.070542,USD,2010-06-01,2010-06-07,EDI,1000,Quarterly
SHY US EQUITY,US4642874576,2010-07-06,DVD_CASH,0.072674,USD,2010-07-01,2010-07-08,EDI,1000,Quarterly
SHY US EQUITY,US4642874576,2010-08-04,DVD_CASH,0.070521,USD,2010-08-02,2010-08-06,EDI,1000,Quarterly
SHY US EQUITY,US4642874576,2010-09-03,DVD_CASH,0.06967,USD,2010-09-01,2010-09-08,EDI,1000,Quarterly
SHY US EQUITY,US4642874576,2010-10-05,DVD_CASH,0.065428,USD,2010-10-01,2010-10-07,EDI,1000,Quarterly
SHY US EQUITY,US4642874576,2010-11-03,DVD_CASH,0.066788,USD,2010-11-01,2010-11-05,EDI,1000,Quarterly
SHY US EQUITY,US4642874576,2010-12-03,DVD_CASH,0.064212,USD,2010-12-01,2010-12-07,EDI,1000,Quarterly
SHY US EQUITY,US4642874576,2010-12-30,DVD_CASH,0.067589,USD,2010-12-28,2011-01-04,EDI,1000,Quarterly
SHY US EQUITY,US4642874576,2011-02-03,DVD_CASH,0.067633,USD,2011-02-01,2011-02-07,EDI,1000,Quarterly
SHY US EQUITY,US4642874576,2011-03-03,DVD_CASH,0.060757,USD,2011-03-01,2011-03-07,EDI,1000,Quarterly
SHY US EQUITY,US4642874576,2011-04-05,DVD_CASH,0.067274,USD,2011-04-01,2011-04-07,EDI,1000,Quarterly
SHY US EQUITY,US4642874576,2011-05-04,DVD_CASH,0.066161,USD,2011-05-02,2011-05-06,EDI,1000,Quarterly
SHY US EQUITY,US4642874576,2011-06-03,DVD_CASH,0.066053,USD,2011-06-01,2011-06-07,EDI,1000,Quarterly
SHY US EQUITY,US4642874576,2011-07-06,DVD_CASH,0.061399,USD,2011-07-01,2011-07-08,EDI,1000,Quarterly
SHY US EQUITY,US4642874576,2011-08-03,DVD_CASH,0.060922,USD,2011-08-01,2011-08-05,EDI,1000,Quarterly
SHY US EQUITY,US4642874576,2011-09-06,DVD_CASH,0.054459,USD,2011-09-01,2011-09-08,EDI,1000,Quarterly
SHY US EQUITY,US4642874576,2011-10-05,DVD_CASH,0.04879,USD,2011-10-03,2011-10-07,EDI,1000,Quarterly
SHY US EQUITY,US4642874576,2011-11-03,DVD_CASH,0.048074,USD,2011-11-01,2011-11-07,EDI,1000,Quarterly
SHY US EQUITY,US4642874576,2011-12-05,DVD_CASH,0.044837,USD,2011-12-01,2011-12-07,EDI,1000,Quarterly
SHY US EQUITY,US4642874576,2011-12-29,DVD_CASH,0.038639,USD,2011-12-27,2012-01-04,EDI,1000,Quarterly
SHY US EQUITY,US4642874576,2012-02-03,DVD_CASH,0.031255,USD,2012-02-01,2012-02-07,EDI,1000,Quarterly
SHY US EQUITY,US4642874576,2012-03-05,DVD_CASH,0.03524,USD,2012-03-01,2012-03-07,EDI,1000,Quarterly
SHY US EQUITY,US4642874576,2012-04-04,DVD_CASH,0.030284,USD,2012-04-02,2012-04-09,EDI,1000,Quarterly
SHY US EQUITY,US4642874576,2012-05-03,DVD_CASH,0.027651,USD,2012-05-01,2012-05-07,EDI,1000,Quarterly
SHY US EQUITY,US4642874576,2012-06-05,DVD_CASH,0.027865,USD,2012-06-01,2012-06-07,EDI,1000,Quarterly
SHY US EQUITY,US4642874576,2012-07-05,DVD_CASH,0.026129,USD,2012-07-02,2012-07-09,EDI,1000,Quarterly
SHY US EQUITY,US4642874576,2012-08-03,DVD_CASH,0.025944,USD,2012-08-01,2012-08-07,EDI,1000,Quarterly
SHY US EQUITY,US4642874576,2012-09-06,DVD_CASH,0.023542,USD,2012-09-04,2012-09-10,EDI,1000,Quarterly
SHY US EQUITY,US4642874576,2012-10-03,DVD_CASH,0.021782,USD,2012-10-01,2012-10-05,EDI,1000,Quarterly
SHY US EQUITY,US4642874576,2012-11-05,DVD_CASH,0.022259,USD,2012-11-01,2012-11-07,EDI,1000,Quarterly
SHY US EQUITY,US4642874576,2012-12-05,DVD_CASH,0.0201,USD,2012-12-03,2012-12-07,EDI,1000,Quarterly
SHY US EQUITY,US4642874576,2012-12-28,DVD_CASH,0.020839,USD,2012-12-26,2013-01-02,EDI,1000,Quarterly
SHY US EQUITY,US4642874576,2013-02-05,DVD_CASH,0.020661,USD,2013-02-01,2013-02-07,EDI,1000,Quarterly
SHY US EQUITY,US4642874576,2013-03-05,DVD_CASH,0.018402,USD,2013-03-01,2013-03-07,EDI,1000,Quarterly
SHY US EQUITY,US4642874576,2013-04-03,DVD_CASH,0.017971,USD,2013-04-01,2013-04-05,EDI,1000,Quarterly
SHY US EQUITY,US4642874576,2013-05-03,DVD_CASH,0.016673,USD,2013-05-01,2013-05-07,EDI,1000,Quarterly
SHY US EQUITY,US4642874576,2013-06-05,DVD_CASH,0.01706,USD,2013-06-03,2013-06-07,EDI,1000,Quarterly
SHY US EQUITY,US4642874576,2013-07-03,DVD_CASH,0.017236,USD,2013-07-01,2013-07-08,EDI,1000,Quarterly
SHY US EQUITY,US4642874576,2013-08-05,DVD_CASH,0.01844,USD,2013-08-01,2013-08-07,EDI,1000,Quarterly
SHY US EQUITY,US4642874576,2013-09-05,DVD_CASH,0.017554,USD,2013-09-03,2013-09-09,EDI,1000,Quarterly
SHY US EQUITY,US4642874576,2013-10-03,DVD_CASH,0.018461,USD,2013-10-01,2013-10-07,EDI,1000,Quarterly
SHY US EQUITY,US4642874576,2013-11-05,DVD_CASH,0.019065,USD,2013-11-01,2013-11-07,EDI,1000,Quarterly
SHY US EQUITY,US4642874576,2013-12-04,DVD_CASH,0.019049,USD,2013-12-02,2013-12-06,EDI,1000,Quarterly
SHY US EQUITY,US4642874576,2013-12-30,DVD_CASH,0.020777,USD,2013-12-26,2014-01-02,EDI,1000,Quarterly
SHY US EQUITY,US4642874576,2014-02-05,DVD_CASH,0.022871,USD,2014-02-03,2014-02-07,EDI,1000,Quarterly
SHY US EQUITY,US4642874576,2014-03-05,DVD_CASH,0.018352,USD,2014-03-03,2014-03-07,EDI,1000,Quarterly
SHY US EQUITY,US4642874576,2014-04-03,DVD_CASH,0.021201,USD,2014-04-01,2014-04-07,EDI,1000,Quarterly
SHY US EQUITY,US4642874576,2014-05-05,DVD_CASH,0.021025,USD,2014-05-01,2014-05-07,EDI,1000,Quarterly
SHY US EQUITY,US4642874576,2014-06-04,DVD_CASH,0.022598,USD,2014-06-02,2014-06-06,EDI,1000,Quarterly
SHY US EQUITY,US4642874576,2014-07-03,DVD_CASH,0.024824,USD,2014-07-01,2014-07-08,EDI,1000,Quarterly
SHY US EQUITY,US4642874576,2014-08-05,DVD_CASH,0.026864,USD,2014-08-01,2014-08-07,EDI,1000,Quarterly
SHY US EQUITY,US4642874576,2014-09-04,DVD_CASH,0.028099,USD,2014-09-02,2014-09-08,EDI,1000,Quarterly
SHY US EQUITY,US4642874576,2014-10-03,DVD_CASH,0.030295,USD,2014-10-01,2014-10-07,EDI,1000,Quarterly
SHY US EQUITY,US4642874576,2014-11-05,DVD_CASH,0.028502,USD,2014-11-03,2014-11-07,EDI,1000,Quarterly
SHY US EQUITY,US4642874576,2014-12-03,DVD_CASH,0.02904,USD,2014-12-01,2014-12-05,EDI,1000,Quarterly
SHY US EQUITY,US4642874576,2014-12-29,DVD_CASH,0.033055,USD,2014-12-24,2014-12-31,EDI,1000,Quarterly
SHY US EQUITY,US4642874576,2015-02-04,DVD_CASH,0.033004,USD,2015-02-02,2015-02-06,EDI,1000,Quarterly
SHY US EQUITY,US4642874576,2015-03-04,DVD_CASH,0.031035,USD,2015-03-02,2015-03-06,EDI,1000,Quarterly
SHY US EQUITY,US4642874576,2015-04-06,DVD_CASH,0.036685,USD,2015-04-01,2015-04-08,EDI,1000,Quarterly
SHY US EQUITY,US4642874576,2015-05-05,DVD_CASH,0.03526,USD,2015-05-01,2015-05-07,EDI,1000,Quarterly
SHY US EQUITY,US4642874576,2015-06-03,DVD_CASH,0.036809,USD,2015-06-01,2015-06-05,EDI,1000,Quarterly
SHY US EQUITY,US4642874576,2015-07-06,DVD_CASH,0.037658,USD,2015-07-01,2015-07-08,EDI,1000,Quarterly
SHY US EQUITY,US4642874576,2015-08-05,DVD_CASH,0.038045,USD,2015-08-03,2015-08-07,EDI,1000,Quarterly
SHY US EQUITY,US4642874576,2015-09-03,DVD_CASH,0.03979,USD,2015-09-01,2015-09-08,EDI,1000,Quarterly
SHY US EQUITY,US4642874576,2015-10-05,DVD_CASH,0.039844,USD,2015-10-01,2015-10-07,EDI,1000,Quarterly
SHY US EQUITY,US4642874576,2015-11-04,DVD_CASH,0.041148,USD,2015-11-02,2015-11-06,EDI,1000,Quarterly
SHY US EQUITY,US4642874576,2015-12-03,DVD_CASH,0.041125,USD,2015-12-01,2015-12-07,EDI,1000,Quarterly
SHY US EQUITY,US4642874576,2015-12-29,DVD_CASH,0.043144,USD,2015-12-24,2015-12-31,EDI,1000,Quarterly
SHY US EQUITY,US4642874576,2016-02-03,DVD_CASH,0.045147,USD,2016-02-01,2016-02-05,EDI,1000,Quarterly
SHY US EQUITY,US4642874576,2016-03-03,DVD_CASH,0.046779,USD,2016-03-01,2016-03-07,EDI,1000,Quarterly
SHY US EQUITY,US4642874576,2016-04-05,DVD_CASH,0.050611,USD,2016-04-01,2016-04-07,EDI,1000,Quarterly
SHY US EQUITY,US4642874576,2016-05-04,DVD_CASH,0.049039,USD,2016-05-02,2016-05-06,EDI,1000,Quarterly
SHY US EQUITY,US4642874576,2016-06-03,DVD_CASH,0.050553,USD,2016-06-01,2016-06-07,EDI,1000,Quarterly
SHY US EQUITY,US4642874576,2016-07-06,DVD_CASH,0.050375,USD,2016-07-01,2016-07-08,EDI,1000,Quarterly
SHY US EQUITY,US4642874576,2016-08-03,DVD_CASH,0.051087,USD,2016-08-01,2016-08-05,EDI,1000,Quarterly
SHY US EQUITY,US4642874576,2016-09-06,DVD_CASH,0.050066,USD,2016-09-01,2016-09-08,EDI,1000,Quarterly
SHY US EQUITY,US4642874576,2016-10-05,DVD_CASH,0.048694,USD,2016-10-03,2016-10-07,EDI,1000,Quarterly
SHY US EQUITY,US4642874576,2016-11-03,DVD_CASH,0.050604,USD,2016-11-01,2016-11-07,EDI,1000,Quarterly
SHY US EQUITY,US4642874576,2016-12-05,DVD_CASH,0.049555,USD,2016-12-01,2016-12-07,EDI,1000,Quarterly
SHY US EQUITY,US4642874576,2016-12-27,DVD_CASH,0.060534,USD,2016-12-22,2016-12-29,EDI,1000,Quarterly
SHY US EQUITY,US4642874576,2017-02-03,DVD_CASH,0.050988,USD,2017-02-01,2017-02-07,EDI,1000,Quarterly
SHY US EQUITY,US4642874576,2017-03-03,DVD_CASH,0.053507,USD,2017-03-01,2017-03-07,EDI,1000,Quarterly
SHY US EQUITY,US4642874576,2017-04-05,DVD_CASH,0.058486,USD,2017-04-03,2017-04-07,EDI,1000,Quarterly
SHY US EQUITY,US4642874576,2017-05-03,DVD_CASH,0.061868,USD,2017-05-01,2017-05-05,EDI,1000,Quarterly
SHY US EQUITY,US4642874576,2017-06-05,DVD_CASH,0.063585,USD,2017-06-01,2017-06-07,EDI,1000,Quarterly
SHY US EQUITY,US4642874576,2017-07-06,DVD_CASH,0.066944,USD,2017-07-03,2017-07-10,EDI,1000,Quarterly
SHY US EQUITY,US4642874576,2017-08-03,DVD_CASH,0.070877,USD,2017-08-01,2017-08-07,EDI,1000,Quarterly
SHY US EQUITY,US4642874576,2017-09-06,DVD_CASH,0.072044,USD,2017-09-01,2017-09-08,EDI,1000,Quarterly
SHY US EQUITY,US4642874576,2017-10-03,DVD_CASH,0.072561,USD,2017-10-02,2017-10-06,EDI,1000,Quarterly
SHY US EQUITY,US4642874576,2017-11-02,DVD_CASH,0.078435,USD,2017-11-01,2017-11-07,EDI,1000,Quarterly
SHY US EQUITY,US4642874576,2017-12-04,DVD_CASH,0.078527,USD,2017-12-01,2017-12-07,EDI,1000,Quarterly
SHY US EQUITY,US4642874576,2017-12-22,DVD_CASH,0.094086,USD,2017-12-21,2017-12-28,EDI,1000,Quarterly
SHY US EQUITY,US4642874576,2018-02-02,DVD_CASH,0.086192,USD,2018-02-01,2018-02-07,EDI,1000,Quarterly
SHY US EQUITY,US4642874576,2018-03-02,DVD_CASH,0.086349,USD,2018-03-01,2018-03-07,EDI,1000,Quarterly
SHY US EQUITY,US4642874576,2018-04-03,DVD_CASH,0.094432,USD,2018-04-02,2018-04-06,EDI,1000,Quarterly
SHY US EQUITY,US4642874576,2018-05-02,DVD_CASH,0.103104,USD,2018-05-01,2018-05-07,EDI,1000,Quarterly
SHY US EQUITY,US4642874576,2018-06-04,DVD_CASH,0.12637,USD,2018-06-01,2018-06-07,EDI,1000,Quarterly
SHY US EQUITY,US4642874576,2018-07-03,DVD_CASH,0.129876,USD,2018-07-02,2018-07-09,EDI,1000,Quarterly
SHY US EQUITY,US4642874576,2018-08-02,DVD_CASH,0.138093,USD,2018-08-01,2018-08-07,EDI,1000,Quarterly
IWF US EQUITY,US4642876142,2018-07-05,DVD_CASH,0.427596,USD,2018-07-03,2018-07-10,EDI,1000,Quarterly
IWF US EQUITY,US4642876142,2018-03-23,DVD_CASH,0.401459,USD,2018-03-22,2018-03-28,EDI,1000,Quarterly
IWF US EQUITY,US4642876142,2017-12-22,DVD_CASH,0.356699,USD,2017-12-21,2017-12-28,EDI,1000,Quarterly
IWF US EQUITY,US4642876142,2017-09-27,DVD_CASH,0.364587,USD,2017-09-26,2017-09-29,EDI,1000,Quarterly
IWF US EQUITY,US4642876142,2017-07-10,DVD_CASH,0.424597,USD,2017-07-06,2017-07-12,EDI,1000,Quarterly
IWF US EQUITY,US4642876142,2017-03-28,DVD_CASH,0.330593,USD,2017-03-24,2017-03-30,EDI,1000,Quarterly
IWF US EQUITY,US4642876142,2016-12-27,DVD_CASH,0.422783,USD,2016-12-22,2016-12-29,EDI,1000,Quarterly
IWF US EQUITY,US4642876142,2016-09-28,DVD_CASH,0.319616,USD,2016-09-26,2016-09-30,EDI,1000,Quarterly
IWF US EQUITY,US4642876142,2016-07-08,DVD_CASH,0.39498,USD,2016-07-06,2016-07-12,EDI,1000,Quarterly
IWF US EQUITY,US4642876142,2016-03-28,DVD_CASH,0.364787,USD,2016-03-23,2016-03-30,EDI,1000,Quarterly
IWF US EQUITY,US4642876142,2015-12-29,DVD_CASH,0.382365,USD,2015-12-24,2015-12-31,EDI,1000,Quarterly
IWF US EQUITY,US4642876142,2015-09-29,DVD_CASH,0.30922,USD,2015-09-25,2015-10-01,EDI,1000,Quarterly
IWF US EQUITY,US4642876142,2015-07-07,DVD_CASH,0.347602,USD,2015-07-02,2015-07-09,EDI,1000,Quarterly
IWF US EQUITY,US4642876142,2015-03-27,DVD_CASH,0.323868,USD,2015-03-25,2015-03-31,EDI,1000,Quarterly
IWF US EQUITY,US4642876142,2014-12-29,DVD_CASH,0.366811,USD,2014-12-24,2014-12-31,EDI,1000,Quarterly
IWF US EQUITY,US4642876142,2014-09-26,DVD_CASH,0.27502,USD,2014-09-24,2014-09-30,EDI,1000,Quarterly
IWF US EQUITY,US4642876142,2014-07-07,DVD_CASH,0.339626,USD,2014-07-02,2014-07-09,EDI,1000,Quarterly
IWF US EQUITY,US4642876142,2014-03-27,DVD_CASH,0.285959,USD,2014-03-25,2014-03-31,EDI,1000,Quarterly
IWF US EQUITY,US4642876142,2013-12-26,DVD_CASH,0.323314,USD,2013-12-23,2013-12-30,EDI,1000,Quarterly
IWF US EQUITY,US4642876142,2013-09-26,DVD_CASH,0.263847,USD,2013-09-24,2013-09-30,EDI,1000,Quarterly
IWF US EQUITY,US4642876142,2013-07-05,DVD_CASH,0.291485,USD,2013-07-02,2013-07-09,EDI,1000,Quarterly
IWF US EQUITY,US4642876142,2013-03-27,DVD_CASH,0.229544,USD,2013-03-25,2013-04-01,EDI,1000,Quarterly
IWF US EQUITY,US4642876142,2012-12-21,DVD_CASH,0.412311,USD,2012-12-19,2012-12-26,EDI,1000,Quarterly
IWF US EQUITY,US4642876142,2012-09-26,DVD_CASH,0.257749,USD,2012-09-24,2012-09-28,EDI,1000,Quarterly
IWF US EQUITY,US4642876142,2012-06-28,DVD_CASH,0.221212,USD,2012-06-26,2012-07-02,EDI,1000,Quarterly
IWF US EQUITY,US4642876142,2012-03-27,DVD_CASH,0.192453,USD,2012-03-23,2012-03-29,EDI,1000,Quarterly
IWF US EQUITY,US4642876142,2011-12-27,DVD_CASH,0.240272,USD,2011-12-22,2011-12-29,EDI,1000,Quarterly
IWF US EQUITY,US4642876142,2011-09-27,DVD_CASH,0.166869,USD,2011-09-23,2011-09-29,EDI,1000,Quarterly
IWF US EQUITY,US4642876142,2011-07-07,DVD_CASH,0.209891,USD,2011-07-05,2011-07-11,EDI,1000,Quarterly
IWF US EQUITY,US4642876142,2011-03-28,DVD_CASH,0.187651,USD,2011-03-24,2011-03-30,EDI,1000,Quarterly
IWF US EQUITY,US4642876142,2010-12-27,DVD_CASH,0.205734,USD,2010-12-22,2010-12-29,EDI,1000,Quarterly
IWF US EQUITY,US4642876142,2010-09-27,DVD_CASH,0.162611,USD,2010-09-23,2010-09-29,EDI,1000,Quarterly
IWF US EQUITY,US4642876142,2010-07-07,DVD_CASH,0.201287,USD,2010-07-02,2010-07-09,EDI,1000,Quarterly
IWF US EQUITY,US4642876142,2010-03-26,DVD_CASH,0.158417,USD,2010-03-24,2010-03-30,EDI,1000,Quarterly
IWF US EQUITY,US4642876142,2009-12-28,DVD_CASH,0.198532,USD,2009-12-23,2009-12-30,EDI,1000,Quarterly
IWF US EQUITY,US4642876142,2009-09-24,DVD_CASH,0.155573,USD,2009-09-22,2009-09-28,EDI,1000,Quarterly
IWF US EQUITY,US4642876142,2009-07-07,DVD_CASH,0.181683,USD,2009-07-02,2009-07-09,EDI,1000,Quarterly
IWF US EQUITY,US4642876142,2009-03-26,DVD_CASH,0.155564,USD,2009-03-24,2009-03-30,EDI,1000,Quarterly
IWF US EQUITY,US4642876142,2008-12-26,DVD_CASH,0.164805,USD,2008-12-23,2008-12-30,EDI,1000,Quarterly
IWF US EQUITY,US4642876142,2008-09-26,DVD_CASH,0.14734,USD,2008-09-24,2008-09-30,EDI,1000,Quarterly
IWF US EQUITY,US4642876142,2008-07-07,DVD_CASH,0.15353,USD,2008-07-02,2008-07-09,EDI,1000,Quarterly
IWF US EQUITY,US4642876142,2008-03-26,DVD_CASH,0.151069,USD,2008-03-24,2008-03-28,EDI,1000,Quarterly
IWF US EQUITY,US4642876142,2007-12-31,DVD_CASH,0.140756,USD,2007-12-27,2008-01-03,EDI,1000,Quarterly
IWF US EQUITY,US4642876142,2007-09-27,DVD_CASH,0.130507,USD,2007-09-25,2007-10-01,EDI,1000,Quarterly
IWF US EQUITY,US4642876142,2007-07-02,DVD_CASH,0.146252,USD,2007-06-28,2007-07-05,EDI,1000,Quarterly
IWF US EQUITY,US4642876142,2007-03-27,DVD_CASH,0.139528,USD,2007-03-23,2007-03-29,EDI,1000,Quarterly
IWF US EQUITY,US4642876142,2006-12-22,DVD_CASH,0.122776,USD,2006-12-20,2006-12-27,EDI,1000,Quarterly
IWF US EQUITY,US4642876142,2006-09-28,DVD_CASH,0.137688,USD,2006-09-26,2006-10-02,EDI,1000,Quarterly
IWF US EQUITY,US4642876142,2006-06-26,DVD_CASH,0.133406,USD,2006-06-22,2006-06-28,EDI,1000,Quarterly
IWF US EQUITY,US4642876142,2006-03-28,DVD_CASH,0.116003,USD,2006-03-24,2006-03-30,EDI,1000,Quarterly
IWF US EQUITY,US4642876142,2005-12-27,DVD_CASH,0.13478,USD,2005-12-22,2005-12-29,EDI,1000,Quarterly
IWF US EQUITY,US4642876142,2005-09-27,DVD_CASH,0.0991,USD,2005-09-23,2005-09-29,EDI,1000,Quarterly
IWF US EQUITY,US4642876142,2005-06-22,DVD_CASH,0.082,USD,2005-06-20,2005-06-24,EDI,1000,Quarterly
IWF US EQUITY,US4642876142,2005-03-29,DVD_CASH,0.1382,USD,2005-03-24,2005-03-31,EDI,1000,Quarterly
IWF US EQUITY,US4642876142,2004-12-28,DVD_CASH,0.2553,USD,2004-12-23,2004-12-30,EDI,1000,Quarterly
IWF US EQUITY,US4642876142,2004-09-28,DVD_CASH,0.1011,USD,2004-09-24,2004-09-30,EDI,1000,Quarterly
IWF US EQUITY,US4642876142,2004-06-29,DVD_CASH,0.0715,USD,2004-06-25,2004-07-01,EDI,1000,Quarterly
IWF US EQUITY,US4642876142,2004-03-30,DVD_CASH,0.0841,USD,2004-03-26,2004-04-01,EDI,1000,Quarterly
IWF US EQUITY,US4642876142,2003-12-16,DVD_CASH,0.1354,USD,2003-12-12,2003-12-23,EDI,1000,Quarterly
IWF US EQUITY,US4642876142,2003-09-16,DVD_CASH,0.0754,USD,2003-09-12,2003-09-23,EDI,1000,Quarterly
IWF US EQUITY,US4642876142,2003-06-17,DVD_CASH,0.0865,USD,2003-06-13,2003-06-24,EDI,1000,Quarterly
IWF US EQUITY,US4642876142,2003-03-11,DVD_CASH,0.0733,USD,2003-03-07,2003-03-18,EDI,1000,Quarterly
IWF US EQUITY,US4642876142,2002-12-17,DVD_CASH,0.1063,USD,2002-12-13,2002-12-23,EDI,1000,Quarterly
IWF US EQUITY,US4642876142,2002-09-17,DVD_CASH,0.0676,USD,2002-09-13,2002-09-24,EDI,1000,Quarterly
IWF US EQUITY,US4642876142,2002-06-18,DVD_CASH,0.0573,USD,2002-06-14,2002-06-25,EDI,1000,Quarterly
IWF US EQUITY,US4642876142,2002-03-12,DVD_CASH,0.0622,USD,2002-03-08,2002-03-19,EDI,1000,Quarterly
IWF US EQUITY,US4642876142,2001-12-18,DVD_CASH,0.0625,USD,2001-12-14,2001-12-26,EDI,1000,Quarterly
IWF US EQUITY,US4642876142,2001-10-03,DVD_CASH,0.0785,USD,2001-10-01,2001-10-10,EDI,1000,Quarterly
IWF US EQUITY,US4642876142,2001-06-12,DVD_CASH,0.0211,USD,2001-06-08,2001-06-19,EDI,1000,Quarterly
IWF US EQUITY,US4642876142,2001-03-13,DVD_CASH,0.0458,USD,2001-03-09,2001-03-20,EDI,1000,Quarterly
IWF US EQUITY,US4642876142,2000-12-15,DVD_CASH,0.1466,USD,2000-12-13,2000-12-22,EDI,1000,Quarterly
IWF US EQUITY,US4642876142,2000-09-22,DVD_CASH,0.031,USD,2000-09-20,2000-09-29,EDI,1000,Quarterly
IWF US EQUITY,US4642876142,2000-06-23,DVD_CASH,0.028,USD,2000-06-21,2000-06-30,EDI,1000,Quarterly
SLYG US EQUITY,US78464A2015,2018-06-18,DVD_CASH,0.128238,USD,2018-06-19,2018-06-21,EDI,1000,Quarterly
SLYG US EQUITY,US78464A2015,2018-03-19,DVD_CASH,0.450147,USD,2018-03-20,2018-03-22,EDI,1000,Quarterly
SLYG US EQUITY,US78464A2015,2017-12-15,DVD_CASH,9.307193,USD,2017-12-18,2017-12-26,EDI,1000,Quarterly
SLYG US EQUITY,US78464A2015,2017-09-15,DVD_CASH,0.559886,USD,2017-09-18,2017-09-25,EDI,1000,Quarterly
SLYG US EQUITY,US78464A2015,2017-06-16,DVD_CASH,0.586896,USD,2017-06-20,2017-06-26,EDI,1000,Quarterly
SLYG US EQUITY,US78464A2015,2017-03-17,DVD_CASH,0.320139,USD,2017-03-21,2017-03-27,EDI,1000,Quarterly
SLYG US EQUITY,US78464A2015,2016-12-16,DVD_CASH,0.794532,USD,2016-12-20,2016-12-27,EDI,1000,Quarterly
SLYG US EQUITY,US78464A2015,2016-09-16,DVD_CASH,0.461635,USD,2016-09-20,2016-09-26,EDI,1000,Quarterly
SLYG US EQUITY,US78464A2015,2016-06-17,DVD_CASH,0.512097,USD,2016-06-21,2016-06-27,EDI,1000,Quarterly
SLYG US EQUITY,US78464A2015,2016-03-18,DVD_CASH,0.592308,USD,2016-03-22,2016-03-29,EDI,1000,Quarterly
SLYG US EQUITY,US78464A2015,2015-12-18,DVD_CASH,8.374128,USD,2015-12-22,2015-12-29,EDI,1000,Quarterly
SLYG US EQUITY,US78464A2015,2015-09-18,DVD_CASH,0.530902,USD,2015-09-22,2015-09-28,EDI,1000,Quarterly
SLYG US EQUITY,US78464A2015,2015-06-19,DVD_CASH,0.575681,USD,2015-06-23,2015-06-29,EDI,1000,Quarterly
SLYG US EQUITY,US78464A2015,2015-03-20,DVD_CASH,0.446081,USD,2015-03-24,2015-03-30,EDI,1000,Quarterly
SLYG US EQUITY,US78464A2015,2014-12-19,DVD_CASH,6.98796056,USD,2014-12-23,2014-12-30,EDI,1000,Quarterly
SLYG US EQUITY,US78464A2015,2014-09-19,DVD_CASH,0.317467,USD,2014-09-23,2014-09-29,EDI,1000,Quarterly
SLYG US EQUITY,US78464A2015,2014-06-20,DVD_CASH,0.332009,USD,2014-06-24,2014-06-30,EDI,1000,Quarterly
SLYG US EQUITY,US78464A2015,2014-03-21,DVD_CASH,0.23664,USD,2014-03-25,2014-03-31,EDI,1000,Quarterly
SLYG US EQUITY,US78464A2015,2013-12-20,DVD_CASH,0.334173,USD,2013-12-24,2013-12-31,EDI,1000,Quarterly
SLYG US EQUITY,US78464A2015,2013-09-20,DVD_CASH,0.268843,USD,2013-09-24,2013-09-30,EDI,1000,Quarterly
SLYG US EQUITY,US78464A2015,2013-06-21,DVD_CASH,0.291585,USD,2013-06-25,2013-07-01,EDI,1000,Quarterly
SLYG US EQUITY,US78464A2015,2013-03-15,DVD_CASH,0.205539,USD,2013-03-19,2013-03-25,EDI,1000,Quarterly
SLYG US EQUITY,US78464A2015,2012-12-21,DVD_CASH,0.857308,USD,2012-12-26,2013-01-04,EDI,1000,Quarterly
SLYG US EQUITY,US78464A2015,2012-09-21,DVD_CASH,0.264795,USD,2012-09-25,2012-10-03,EDI,1000,Quarterly
SLYG US EQUITY,US78464A2015,2012-06-15,DVD_CASH,0.304722,USD,2012-06-19,2012-06-27,EDI,1000,Quarterly
SLYG US EQUITY,US78464A2015,2012-03-16,DVD_CASH,0.341862,USD,2012-03-20,2012-03-28,EDI,1000,Quarterly
SLYG US EQUITY,US78464A2015,2011-12-16,DVD_CASH,0.256153,USD,2011-12-20,2011-12-29,EDI,1000,Quarterly
SLYG US EQUITY,US78464A2015,2011-09-16,DVD_CASH,0.177327,USD,2011-09-20,2011-09-28,EDI,1000,Quarterly
SLYG US EQUITY,US78464A2015,2011-06-17,DVD_CASH,0.159,USD,2011-06-21,2011-06-29,EDI,1000,Quarterly
SLYG US EQUITY,US78464A2015,2011-03-18,DVD_CASH,0.187182,USD,2011-03-22,2011-03-30,EDI,1000,Quarterly
SLYG US EQUITY,US78464A2015,2010-12-17,DVD_CASH,0.162383,USD,2010-12-21,2010-12-30,EDI,1000,Quarterly
SLYG US EQUITY,US78464A2015,2010-06-18,DVD_CASH,0.030871,USD,2010-06-22,2010-06-30,EDI,1000,Quarterly
SLYG US EQUITY,US78464A2015,2010-03-19,DVD_CASH,0.045978,USD,2010-03-23,2010-03-31,EDI,1000,Quarterly
SLYG US EQUITY,US78464A2015,2009-12-18,DVD_CASH,0.028826,USD,2009-12-22,2009-12-31,EDI,1000,Quarterly
SLYG US EQUITY,US78464A2015,2009-09-18,DVD_CASH,0.072583,USD,2009-09-22,2009-09-30,EDI,1000,Quarterly
SLYG US EQUITY,US78464A2015,2009-06-19,DVD_CASH,0.07997,USD,2009-06-23,2009-07-01,EDI,1000,Quarterly
SLYG US EQUITY,US78464A2015,2009-03-20,DVD_CASH,0.1635063,USD,2009-03-24,2009-04-01,EDI,1000,Quarterly
SLYG US EQUITY,US78464A2015,2008-12-19,DVD_CASH,0.190467,USD,2008-12-23,2009-01-02,EDI,1000,Quarterly
SLYG US EQUITY,US78464A2015,2008-09-19,DVD_CASH,0.12054528,USD,2008-09-23,2008-10-01,EDI,1000,Quarterly
SLYG US EQUITY,US78464A2015,2008-06-20,DVD_CASH,0.19062,USD,2008-06-24,2008-07-02,EDI,1000,Quarterly
SLYG US EQUITY,US78464A2015,2008-03-20,DVD_CASH,0.096154,USD,2008-03-25,2008-04-02,EDI,1000,Quarterly
SLYG US EQUITY,US78464A2015,2007-12-21,DVD_CASH,1.54433,USD,2007-12-26,2008-01-04,EDI,1000,Quarterly
SLYG US EQUITY,US78464A2015,2007-09-21,DVD_CASH,0.11394671,USD,2007-09-25,2007-10-03,EDI,1000,Quarterly
SLYG US EQUITY,US78464A2015,2007-06-15,DVD_CASH,0.09656249,USD,2007-06-19,2007-06-27,EDI,1000,Quarterly
SLYG US EQUITY,US78464A2015,2007-03-16,DVD_CASH,0.04786343,USD,2007-03-20,2007-03-28,EDI,1000,Quarterly
SLYG US EQUITY,US78464A2015,2006-12-15,DVD_CASH,0.03213147,USD,2006-12-19,2006-12-28,EDI,1000,Quarterly
SLYG US EQUITY,US78464A2015,2006-09-15,DVD_CASH,0.0179,USD,2006-09-19,2006-09-27,EDI,1000,Quarterly
SLYG US EQUITY,US78464A2015,2006-06-16,DVD_CASH,0.024331,USD,2006-06-20,2006-06-28,EDI,1000,Quarterly
SLYG US EQUITY,US78464A2015,2006-03-17,DVD_CASH,0.056964,USD,2006-03-21,2006-03-29,EDI,1000,Quarterly
SLYG US EQUITY,US78464A2015,2005-12-16,DVD_CASH,0.075116,USD,2005-12-20,2005-12-29,EDI,1000,Quarterly
SLYG US EQUITY,US78464A2015,2005-09-16,DVD_CASH,0.094633,USD,2005-09-20,2005-09-28,EDI,1000,Quarterly
SLYG US EQUITY,US78464A2015,2005-06-17,DVD_CASH,0.080729,USD,2005-06-21,2005-06-30,EDI,1000,Quarterly
SLYG US EQUITY,US78464A2015,2005-03-18,DVD_CASH,0.058598,USD,2005-03-22,2005-03-31,EDI,1000,Quarterly
SLYG US EQUITY,US78464A2015,2004-12-17,DVD_CASH,0.095703,USD,2004-12-21,2004-12-29,EDI,1000,Quarterly
SLYG US EQUITY,US78464A2015,2004-09-17,DVD_CASH,0.08822,USD,2004-09-21,2004-09-29,EDI,1000,Quarterly
SLYG US EQUITY,US78464A2015,2004-06-18,DVD_CASH,0.087082,USD,2004-06-22,2004-06-30,EDI,1000,Quarterly
SLYG US EQUITY,US78464A2015,2004-03-19,DVD_CASH,0.093634,USD,2004-03-23,2004-03-31,EDI,1000,Quarterly
SLYG US EQUITY,US78464A2015,2003-12-26,DVD_CASH,0.037926,USD,2003-12-30,2004-01-09,EDI,1000,Quarterly
SLYG US EQUITY,US78464A2015,2003-12-19,DVD_CASH,0.088712,USD,2003-12-23,2004-01-02,EDI,1000,Quarterly
SLYG US EQUITY,US78464A2015,2003-09-19,DVD_CASH,0.008468,USD,2003-09-23,2003-10-01,EDI,1000,Quarterly
SPYG US EQUITY,US78464A4094,2017-10-13,DVD_CASH,4,USD,2017-10-10,2017-10-13,EDI,1000,Quarterly
SLYG US EQUITY,US78464A2015,2018-06-13,DVD_CASH,4,USD,2018-06-08,2018-06-12,EDI,1000,Quarterly
